id,name,email,date_of_birth,created_at,updated_at
PT0001,Ruben688 Waters156,ruben688.waters156@email.invalid,1972-08-02T00:00:00.000,2026-03-25T19:20:08,2026-03-25T19:20:13
PT0002,Maria Johnson,maria.johnson0002@email.invalid,1944-05-22T00:00:00.000,2026-03-25T19:21:08,2026-03-25T19:21:37
PT0003,Robert Martinez,robert.martinez0003@email.invalid,1971-03-01T00:00:00.000,2026-03-25T19:22:08,2026-03-25T19:22:29
PT0004,Linda Brown,linda.brown0004@email.invalid,1971-07-13T00:00:00.000,2026-03-25T19:23:08,2026-03-25T19:23:31
PT0005,Michael Lopez,michael.lopez0005@email.invalid,2001-06-16T00:00:00.000,2026-03-25T19:24:08,2026-03-25T19:24:30
PT0006,Patricia Davis,patricia.davis0006@email.invalid,1969-05-04T00:00:00.000,2026-03-25T19:25:08,2026-03-25T19:25:31
PT0007,William Rodriguez,william.rodriguez0007@email.invalid,1951-04-14T00:00:00.000,2026-03-25T19:26:08,2026-03-25T19:26:18
PT0008,Jennifer Miller,jennifer.miller0008@email.invalid,1945-10-22T00:00:00.000,2026-03-25T19:27:08,2026-03-25T19:27:25
PT0009,David Wilson,david.wilson0009@email.invalid,1958-08-07T00:00:00.000,2026-03-25T19:28:08,2026-03-25T19:28:17
PT0010,Elizabeth Anderson,elizabeth.anderson0010@email.invalid,1971-12-01T00:00:00.000,2026-03-25T19:29:08,2026-03-25T19:29:27
PT0011,Joseph Thomas,joseph.thomas0011@email.invalid,1940-12-08T00:00:00.000,2026-03-25T19:30:08,2026-03-25T19:30:36
PT0012,Barbara Taylor,barbara.taylor0012@email.invalid,1957-06-09T00:00:00.000,2026-03-25T19:31:08,2026-03-25T19:31:10
PT0013,Thomas Moore,thomas.moore0013@email.invalid,1998-02-16T00:00:00.000,2026-03-25T19:32:08,2026-03-25T19:32:20
PT0014,Susan Jackson,susan.jackson0014@email.invalid,2004-06-12T00:00:00.000,2026-03-25T19:33:08,2026-03-25T19:33:15
PT0015,Charles Martin,charles.martin0015@email.invalid,1998-04-05T00:00:00.000,2026-03-25T19:34:08,2026-03-25T19:34:32
PT0016,Jessica Lee,jessica.lee0016@email.invalid,1965-12-11T00:00:00.000,2026-03-25T19:35:08,2026-03-25T19:35:35
PT0017,Daniel Perez,daniel.perez0017@email.invalid,1962-06-16T00:00:00.000,2026-03-25T19:36:08,2026-03-25T19:36:17
PT0018,Sarah Thompson,sarah.thompson0018@email.invalid,1997-06-24T00:00:00.000,2026-03-25T19:37:08,2026-03-25T19:37:23
PT0019,Matthew White,matthew.white0019@email.invalid,1978-04-02T00:00:00.000,2026-03-25T19:38:08,2026-03-25T19:38:18
PT0020,Karen Harris,karen.harris0020@email.invalid,1992-03-26T00:00:00.000,2026-03-25T19:39:08,2026-03-25T19:39:28
PT0021,Anthony Sanchez,anthony.sanchez0021@email.invalid,2005-04-27T00:00:00.000,2026-03-25T19:40:08,2026-03-25T19:40:27
PT0022,Nancy Clark,nancy.clark0022@email.invalid,1997-10-04T00:00:00.000,2026-03-25T19:41:08,2026-03-25T19:41:35
PT0023,Mark Ramirez,mark.ramirez0023@email.invalid,1980-01-18T00:00:00.000,2026-03-25T19:42:08,2026-03-25T19:42:09
PT0024,Lisa Lewis,lisa.lewis0024@email.invalid,1953-02-07T00:00:00.000,2026-03-25T19:43:08,2026-03-25T19:43:28
PT0025,Donald Robinson,donald.robinson0025@email.invalid,1961-03-24T00:00:00.000,2026-03-25T19:44:08,2026-03-25T19:44:27
PT0026,Betty Walker,betty.walker0026@email.invalid,1957-05-14T00:00:00.000,2026-03-25T19:45:08,2026-03-25T19:45:19
PT0027,Steven Young,steven.young0027@email.invalid,1989-06-01T00:00:00.000,2026-03-25T19:46:08,2026-03-25T19:46:19
PT0028,Sandra Allen,sandra.allen0028@email.invalid,1975-10-10T00:00:00.000,2026-03-25T19:47:08,2026-03-25T19:47:21
PT0029,Paul King,paul.king0029@email.invalid,1993-05-22T00:00:00.000,2026-03-25T19:48:08,2026-03-25T19:48:23
PT0030,Ashley Wright,ashley.wright0030@email.invalid,1957-04-02T00:00:00.000,2026-03-25T19:49:08,2026-03-25T19:49:10
